,created_at,n
1,2021-11-14,6310
2,2021-11-15,5701
3,2021-12-04,5670
4,2021-12-05,5257
5,2021-11-13,4488
6,2021-05-08,4330
7,2021-11-16,2891
8,2021-12-03,2507
9,2021-06-03,1800
10,2021-06-02,1755
11,2021-11-17,1732
12,2021-12-06,1679
13,2021-11-10,1626
14,2021-08-05,1608
15,2021-11-09,1591
16,2021-07-12,1549
17,2021-07-03,1534
18,2021-11-11,1500
19,2021-11-08,1465
20,2021-05-19,1386
21,2021-04-23,1322
22,2021-08-09,1288
23,2021-03-31,1281
24,2021-11-18,1248
25,2021-05-05,1212
26,2021-09-05,1124
27,2021-05-03,1105
28,2021-08-15,1100
29,2021-11-12,1096
30,2021-05-13,1071
31,2021-06-08,1044
32,2021-06-30,1043
33,2021-05-10,1011
34,2021-11-20,979
35,2021-05-17,975
36,2021-07-11,964
37,2021-05-09,949
38,2022-01-13,922
39,2021-08-06,902
40,2021-05-06,901
41,2021-06-07,897
42,2021-08-29,897
43,2021-04-24,875
44,2021-05-02,845
45,2021-09-13,816
46,2021-06-09,808
47,2021-05-14,806
48,2021-12-07,797
49,2021-04-18,789
50,2021-07-06,787
51,2021-09-06,777
52,2021-06-16,773
53,2021-05-18,771
54,2021-05-15,768
55,2021-11-19,761
56,2021-11-21,756
57,2021-06-05,750
58,2021-06-04,739
59,2021-09-29,736
60,2021-11-07,735
61,2021-07-13,734
62,2021-07-05,725
63,2021-11-28,711
64,2021-09-18,706
65,2021-05-04,691
66,2021-09-12,690
67,2021-06-29,689
68,2021-12-08,679
69,2021-05-07,677
70,2021-04-19,673
71,2021-07-04,664
72,2021-04-12,652
73,2021-03-29,651
74,2021-06-18,651
75,2021-04-20,641
76,2021-09-03,628
77,2021-07-16,620
78,2021-10-03,615
79,2021-09-11,610
80,2021-07-14,607
81,2021-05-01,602
82,2021-04-21,601
83,2021-06-14,591
84,2021-05-20,587
85,2021-06-19,581
86,2021-07-07,566
87,2021-09-20,564
88,2021-08-30,563
89,2021-05-22,551
90,2021-09-19,550
91,2021-10-14,545
92,2021-08-08,543
93,2021-07-01,535
94,2021-07-17,519
95,2021-06-11,518
96,2021-05-25,516
97,2021-07-10,506
98,2021-11-27,505
99,2022-01-18,503
100,2021-04-30,500
101,2021-04-11,498
102,2021-10-27,487
103,2022-01-08,487
104,2021-08-23,483
105,2021-07-09,482
106,2021-05-11,480
107,2021-06-13,479
108,2021-12-18,477
109,2022-02-18,477
110,2021-04-28,463
111,2021-07-15,461
112,2021-09-01,459
113,2021-05-28,458
114,2021-12-16,458
115,2021-06-17,457
116,2021-10-09,457
117,2021-05-24,455
118,2021-07-02,447
119,2021-09-25,447
120,2021-09-04,444
121,2021-12-12,442
122,2021-10-26,439
123,2021-09-10,438
124,2021-11-29,435
125,2021-06-06,429
126,2021-08-22,428
127,2021-11-03,417
128,2021-07-27,411
129,2022-03-10,410
130,2021-04-09,402
131,2021-03-30,401
132,2021-04-01,399
133,2021-06-20,398
134,2021-10-07,396
135,2022-02-13,395
136,2021-12-15,394
137,2021-10-10,393
138,2021-08-25,392
139,2021-09-28,392
140,2021-04-07,391
141,2022-02-14,391
142,2021-10-04,390
143,2021-11-24,388
144,2021-09-26,387
145,2021-06-15,383
146,2021-08-31,381
147,2021-05-12,379
148,2021-12-26,379
149,2021-04-06,377
150,2021-07-18,373
151,2021-11-22,372
152,2021-08-03,367
153,2021-03-25,364
154,2022-01-09,363
155,2021-04-29,361
156,2021-08-27,357
157,2022-01-14,357
158,2021-07-08,356
159,2021-09-07,356
160,2021-10-08,355
161,2021-03-28,354
162,2021-05-16,351
163,2021-10-15,349
164,2022-03-07,349
165,2021-04-22,348
166,2021-12-10,348
167,2021-12-11,348
168,2022-01-16,345
169,2022-01-31,345
170,2021-11-23,332
171,2021-09-08,330
172,2022-02-15,324
173,2021-05-29,323
174,2021-08-02,322
175,2021-09-02,318
176,2021-12-27,318
177,2021-09-21,317
178,2022-02-12,317
179,2021-06-10,314
180,2021-11-02,310
181,2021-09-23,307
182,2021-04-10,306
183,2021-08-04,304
184,2022-02-11,304
185,2021-08-28,303
186,2021-03-26,302
187,2021-12-19,302
188,2021-04-27,298
189,2021-11-25,298
190,2021-05-26,297
191,2021-11-06,297
192,2022-01-12,297
193,2022-02-28,297
194,2022-02-01,295
195,2022-02-09,294
196,2021-04-17,292
197,2021-08-24,292
198,2021-10-21,287
199,2021-08-14,285
200,2021-10-25,283
201,2021-08-10,281
202,2021-09-14,280
203,2021-07-26,278
204,2021-09-15,276
205,2021-11-30,276
206,2021-11-26,273
207,2022-03-12,272
208,2021-10-12,271
209,2021-08-11,268
210,2022-02-10,268
211,2022-01-07,267
212,2021-09-17,266
213,2022-02-19,264
214,2021-10-06,260
215,2021-10-29,259
216,2022-01-06,258
217,2021-05-21,256
218,2022-02-21,256
219,2022-01-02,255
220,2021-08-26,254
221,2021-05-23,253
222,2021-09-09,253
223,2021-10-11,253
224,2021-12-28,253
225,2021-12-02,252
226,2021-08-13,251
227,2021-10-23,251
228,2021-09-24,250
229,2022-01-11,250
230,2021-08-07,245
231,2021-10-28,245
232,2021-12-01,244
233,2021-10-17,243
234,2021-07-30,242
235,2022-01-19,242
236,2021-09-16,241
237,2022-01-20,241
238,2021-10-05,240
239,2021-04-08,238
240,2021-10-22,236
241,2022-03-11,231
242,2021-06-12,230
243,2021-04-25,229
244,2021-07-28,228
245,2021-09-22,220
246,2022-02-22,220
247,2021-03-27,217
248,2021-05-27,216
249,2021-12-13,216
250,2022-02-17,210
251,2021-11-04,208
252,2022-02-24,208
253,2021-12-17,206
254,2022-01-15,206
255,2022-03-04,206
256,2021-10-01,205
257,2022-01-01,205
258,2022-01-21,204
259,2022-03-01,204
260,2021-11-01,202
261,2022-02-03,201
262,2022-03-09,201
263,2021-04-26,199
264,2021-07-25,199
265,2022-03-08,199
266,2021-10-18,198
267,2022-02-23,197
268,2021-08-12,194
269,2022-02-25,194
270,2022-02-08,189
271,2021-06-21,183
272,2022-03-03,182
273,2021-09-27,181
274,2021-11-05,181
275,2022-01-03,181
276,2021-10-31,176
277,2022-01-17,176
278,2022-03-02,175
279,2021-05-30,174
280,2021-12-09,174
281,2021-09-30,173
282,2021-12-14,173
283,2022-02-02,173
284,2021-12-29,171
285,2022-01-10,165
286,2022-02-04,165
287,2021-10-24,164
288,2021-12-30,163
289,2021-08-01,162
290,2022-02-16,162
291,2021-10-30,161
292,2022-02-20,158
293,2021-10-13,154
294,2022-01-22,146
295,2021-07-31,143
296,2022-02-07,143
297,2021-05-31,140
298,2021-10-20,140
299,2022-01-05,134
300,2021-10-19,133
301,2022-02-27,131
302,2021-07-29,130
303,2021-03-24,129
304,2021-10-16,123
305,2021-10-02,121
306,2022-03-06,121
307,2022-03-05,117
308,2022-01-04,113
309,2022-01-30,113
310,2022-01-23,105
311,2022-02-06,94
312,2021-12-31,92
313,2022-02-26,88
314,2021-04-05,72
315,2022-03-13,71
316,2021-04-13,61
317,2021-12-20,57
318,2021-08-16,46
319,2022-01-24,36
320,2021-07-19,35
321,2022-03-14,35
322,2022-01-29,2
